"Konto";"Girokonto DE00000000000000000000"
""
"Von";"01.06.2026"
"Bis";"01.07.2026"
"Kontostand vom 01.07.2026:";"1.234,56 EUR"
""
"Buchungsdatum";"Wertstellung";"Status";"Zahlungspflichtige*r";"Zahlungsempfänger*in";"Verwendungszweck";"Umsatztyp";"IBAN";"Betrag (€)";"Gläubiger-ID";"Mandatsreferenz";"Kundenreferenz"
"01.07.26";"01.07.26";"Gebucht";"MAX MUSTERMANN";"NETFLIX INTERNATIONAL B.V.";"NETFLIX ABO EREF+123 MREF+M9";"Ausgang";"DE22500700100200000000";"-12,99";"DE98ZZZ00000000000";"MANDATE1";""
"30.06.26";"30.06.26";"Gebucht";"ARBEITGEBER GMBH";"MAX MUSTERMANN";"Gehalt Juni";"Eingang";"DE10100000000000000000";"2.500,00";"";"";""
"29.06.26";"29.06.26";"Gebucht";"MAX MUSTERMANN";"REWE MARKT GMBH FIL 0421";"REWE SAGT DANKE";"Ausgang";"DE33500000000000000000";"-45,30";"";"";""
"28.06.26";"28.06.26";"Gebucht";"MAX MUSTERMANN";"PayPal Europe S.a.r.l. et Cie S.C.A.";"PP.4051.PP . SPOTIFY, Ihr Einkauf bei SPOTIFY";"Ausgang";"DE44500000000000000000";"-9,99";"LU96ZZZ0000000000000000000";"5RT";""
"27.06.26";"27.06.26";"Gebucht";"MAX MUSTERMANN";"Eigenes Konto Revolut";"Umbuchung Revolut";"Ausgang";"LT000000000000000000";"-100,00";"";"";""
